{
  "fuzzy_improved": {
    "algorithm": "fuzzy_improved",
    "total_tests": 80,
    "successful_tests": 80,
    "failed_tests": 0,
    "accuracy_scores": [
      1.0,
      1.0,
      1.0,
      1.0,
      1.0,
      1.0,
      1.0,
      1.0,
      1.0,
      1.0,
      1.0,
      1.0,
      1.0,
      1.0,
      1.0,
      1.0,
      1.0,
      1.0,
      1.0,
      1.0,
      1.0,
      1.0,
      1.0,
      1.0,
      1.0,
      1.0,
      1.0,
      1.0,
      1.0,
      1.0,
      1.0,
      1.0,
      1.0,
      1.0,
      1.0,
      1.0,
      1.0,
      1.0,
      1.0,
      1.0,
      1.0,
      1.0,
      1.0,
      1.0,
      1.0,
      1.0,
      1.0,
      1.0,
      1.0,
      1.0,
      1.0,
      1.0,
      1.0,
      1.0,
      1.0,
      1.0,
      1.0,
      1.0,
      1.0,
      1.0,
      1.0,
      1.0,
      1.0,
      1.0,
      1.0,
      1.0,
      1.0,
      1.0,
      1.0,
      1.0,
      1.0,
      1.0,
      1.0,
      1.0,
      1.0,
      1.0,
      1.0,
      1.0,
      1.0,
      1.0
    ],
    "response_times": [
      23.530006408691406,
      29.484033584594727,
      35.858154296875,
      34.73806381225586,
      32.38391876220703,
      31.862735748291016,
      40.82512855529785,
      42.6640510559082,
      18.210172653198242,
      31.789064407348633,
      14.513015747070312,
      17.119884490966797,
      19.591093063354492,
      14.783859252929688,
      19.1648006439209,
      20.25604248046875,
      25.686025619506836,
      18.80788803100586,
      23.3609676361084,
      19.650697708129883,
      29.38699722290039,
      21.815061569213867,
      21.808862686157227,
      19.287824630737305,
      25.035858154296875,
      25.066137313842773,
      16.180038452148438,
      23.450851440429688,
      22.4761962890625,
      22.54009246826172,
      22.50218391418457,
      28.43785285949707,
      29.32882308959961,
      35.48789024353027,
      20.437955856323242,
      9.08803939819336,
      9.343862533569336,
      9.569168090820312,
      21.541118621826172,
      20.898818969726562,
      21.296024322509766,
      20.87998390197754,
      28.75208854675293,
      14.770984649658203,
      13.667821884155273,
      12.427091598510742,
      12.828826904296875,
      19.81210708618164,
      19.140958786010742,
      19.970178604125977,
      37.59908676147461,
      28.076648712158203,
      27.19712257385254,
      28.456926345825195,
      21.979808807373047,
      24.516820907592773,
      35.99882125854492,
      27.352094650268555,
      14.088869094848633,
      14.522075653076172,
      23.426055908203125,
      26.010751724243164,
      16.45064353942871,
      16.196250915527344,
      16.547203063964844,
      47.508955001831055,
      31.661033630371094,
      30.794143676757812,
      15.740156173706055,
      15.152931213378906,
      17.42410659790039,
      14.955997467041016,
      17.835140228271484,
      19.906044006347656,
      18.835067749023438,
      23.63276481628418,
      27.256250381469727,
      19.719839096069336,
      12.871742248535156,
      13.267040252685547
    ],
    "errors": [],
    "avg_accuracy": 1.0,
    "max_accuracy": 1.0,
    "min_accuracy": 1.0,
    "avg_response_time": 22.70612120628357,
    "success_rate": 1.0
  },
  "isbn_improved": {
    "algorithm": "isbn_improved",
    "total_tests": 80,
    "successful_tests": 80,
    "failed_tests": 0,
    "accuracy_scores": [
      1.0,
      1.0,
      1.0,
      1.0,
      1.0,
      1.0,
      1.0,
      1.0,
      1.0,
      1.0,
      1.0,
      1.0,
      1.0,
      1.0,
      1.0,
      1.0,
      1.0,
      1.0,
      1.0,
      1.0,
      1.0,
      1.0,
      1.0,
      1.0,
      1.0,
      1.0,
      1.0,
      1.0,
      1.0,
      1.0,
      1.0,
      1.0,
      1.0,
      1.0,
      1.0,
      1.0,
      1.0,
      1.0,
      1.0,
      1.0,
      1.0,
      1.0,
      1.0,
      1.0,
      1.0,
      1.0,
      1.0,
      1.0,
      1.0,
      1.0,
      1.0,
      1.0,
      1.0,
      1.0,
      1.0,
      1.0,
      1.0,
      1.0,
      1.0,
      1.0,
      1.0,
      1.0,
      1.0,
      1.0,
      1.0,
      1.0,
      1.0,
      1.0,
      1.0,
      1.0,
      1.0,
      1.0,
      1.0,
      1.0,
      1.0,
      1.0,
      1.0,
      1.0,
      1.0,
      1.0
    ],
    "response_times": [
      30.732154846191406,
      21.823883056640625,
      22.712230682373047,
      20.49088478088379,
      26.195049285888672,
      29.108047485351562,
      31.422138214111328,
      27.779102325439453,
      7.26008415222168,
      22.45807647705078,
      13.817071914672852,
      16.3419246673584,
      16.800880432128906,
      16.6928768157959,
      18.983840942382812,
      18.550872802734375,
      26.257991790771484,
      19.75107192993164,
      25.148868560791016,
      17.62700080871582,
      26.94106101989746,
      20.89977264404297,
      22.832155227661133,
      18.486976623535156,
      23.813724517822266,
      26.231050491333008,
      17.349720001220703,
      24.080991744995117,
      22.89295196533203,
      21.177053451538086,
      21.892070770263672,
      27.72688865661621,
      29.010772705078125,
      38.804054260253906,
      20.65110206604004,
      8.911848068237305,
      9.205818176269531,
      8.828878402709961,
      20.344972610473633,
      20.380735397338867,
      21.043062210083008,
      23.66185188293457,
      24.518728256225586,
      14.129877090454102,
      12.56418228149414,
      12.479066848754883,
      13.95106315612793,
      18.43404769897461,
      18.22686195373535,
      18.401145935058594,
      28.3052921295166,
      28.92899513244629,
      30.685901641845703,
      28.135061264038086,
      21.620988845825195,
      19.36483383178711,
      30.88688850402832,
      26.701927185058594,
      14.657020568847656,
      12.89677619934082,
      24.785995483398438,
      25.09307861328125,
      16.825199127197266,
      14.81008529663086,
      15.994071960449219,
      62.28923797607422,
      35.40301322937012,
      33.92195701599121,
      17.02404022216797,
      14.635086059570312,
      14.544963836669922,
      15.057802200317383,
      14.627933502197266,
      15.288114547729492,
      16.875028610229492,
      19.28400993347168,
      19.736051559448242,
      17.104148864746094,
      10.308265686035156,
      10.625123977661133
    ],
    "errors": [],
    "avg_accuracy": 1.0,
    "max_accuracy": 1.0,
    "min_accuracy": 1.0,
    "avg_response_time": 21.178042888641357,
    "success_rate": 1.0
  },
  "semantic_improved": {
    "algorithm": "semantic_improved",
    "total_tests": 80,
    "successful_tests": 80,
    "failed_tests": 0,
    "accuracy_scores": [
      1.0,
      1.0,
      1.0,
      1.0,
      1.0,
      1.0,
      1.0,
      1.0,
      1.0,
      1.0,
      1.0,
      1.0,
      1.0,
      1.0,
      1.0,
      1.0,
      1.0,
      1.0,
      1.0,
      1.0,
      1.0,
      1.0,
      1.0,
      1.0,
      1.0,
      1.0,
      1.0,
      1.0,
      1.0,
      1.0,
      1.0,
      1.0,
      1.0,
      1.0,
      1.0,
      1.0,
      1.0,
      1.0,
      1.0,
      1.0,
      1.0,
      1.0,
      1.0,
      1.0,
      1.0,
      1.0,
      1.0,
      1.0,
      1.0,
      1.0,
      1.0,
      1.0,
      1.0,
      1.0,
      1.0,
      1.0,
      1.0,
      1.0,
      1.0,
      1.0,
      1.0,
      1.0,
      1.0,
      1.0,
      1.0,
      1.0,
      1.0,
      1.0,
      1.0,
      1.0,
      1.0,
      1.0,
      1.0,
      1.0,
      1.0,
      1.0,
      1.0,
      1.0,
      1.0,
      1.0
    ],