{
  "fuzzy": {
    "algorithm": "fuzzy",
    "total_tests": 30,
    "successful_tests": 13,
    "failed_tests": 17,
    "response_times": [
      0.048160552978515625,
      0.028133392333984375,
      0.025987625122070312,
      0.024080276489257812,
      0.030279159545898438,
      0.027179718017578125,
      0.035762786865234375,
      0.030040740966796875,
      0.024080276489257812,
      0.027179718017578125,
      0.027179718017578125,
      0.03814697265625,
      0.022172927856445312,
      0.020265579223632812,
      0.0247955322265625,
      0.023126602172851562,
      0.026702880859375,
      0.06413459777832031,
      0.025033950805664062,
      0.0209808349609375,
      0.029087066650390625,
      0.02193450927734375,
      0.02193450927734375,
      0.02288818359375,
      0.02574920654296875,
      0.02288818359375,
      0.023126602172851562,
      0.026941299438476562,
      0.025272369384765625,
      0.02384185791015625
    ],
    "accuracy_scores": [
      0.0,
      0.0,
      0.0,
      0.0,
      0.0,
      0.0,
      0.16666666666666666,
      0.16666666666666666,
      0.0,
      0.3333333333333333,
      0.0,
      0.0,
      0.0,
      0.0,
      0.8666666666666667,
      0.3333333333333333,
      0.2,
      0.0,
      0.3333333333333333,
      0.0,
      0.3333333333333333,
      0.0,
      0.0,
      0.3333333333333333,
      0.2,
      0.0,
      0.0,
      0.6000000000000001,
      0.6000000000000001,
      0.25
    ],
    "errors": [],
    "avg_response_time": 0.027902921040852863,
    "avg_accuracy": 0.15722222222222224,
    "success_rate": 0.43333333333333335
  },
  "isbn": {
    "algorithm": "isbn",
    "total_tests": 30,
    "successful_tests": 13,
    "failed_tests": 17,
    "response_times": [
      0.186920166015625,
      0.031948089599609375,
      0.10967254638671875,
      0.027894973754882812,
      0.027894973754882812,
      0.026702880859375,
      0.03504753112792969,
      0.080108642578125,
      0.028848648071289062,
      0.028133392333984375,
      0.051975250244140625,
      0.2300739288330078,
      0.025033950805664062,
      0.025272369384765625,
      0.027894973754882812,
      0.028133392333984375,
      0.030994415283203125,
      0.0247955322265625,
      0.026941299438476562,
      0.024080276489257812,
      0.06604194641113281,
      0.029802322387695312,
      0.023126602172851562,
      0.0247955322265625,
      0.028133392333984375,
      0.025272369384765625,
      0.02193450927734375,
      0.027894973754882812,
      0.026702880859375,
      0.025987625122070312
    ],
    "accuracy_scores": [
      0.0,
      0.0,
      0.0,
      0.0,
      0.0,
      0.0,
      0.16666666666666666,
      0.16666666666666666,
      0.0,
      0.3333333333333333,
      0.0,
      0.0,
      0.0,
      0.0,
      0.8666666666666667,
      0.3333333333333333,
      0.2,
      0.0,
      0.3333333333333333,
      0.0,
      0.3333333333333333,
      0.0,
      0.0,
      0.3333333333333333,
      0.2,
      0.0,
      0.0,
      0.6000000000000001,
      0.6000000000000001,
      0.25
    ],
    "errors": [],
    "avg_response_time": 0.04593531290690104,
    "avg_accuracy": 0.15722222222222224,
    "success_rate": 0.43333333333333335
  },
  "semantic": {
    "algorithm": "semantic",
    "total_tests": 30,
    "successful_tests": 20,
    "failed_tests": 10,
    "response_times": [
      0.12183189392089844,
      0.08606910705566406,
      0.11014938354492188,
      0.056743621826171875,
      0.0400543212890625,
      0.03790855407714844,
      0.06985664367675781,
      0.06818771362304688,
      0.030994415283203125,
      0.048160552978515625,
      0.03695487976074219,
      0.032901763916015625,
      0.050067901611328125,
      0.031948089599609375,
      1.15203857421875,
      0.07009506225585938,
      0.056743621826171875,
      0.03409385681152344,
      0.051021575927734375,
      0.04792213439941406,
      0.05984306335449219,
      0.03504753112792969,
      0.032901763916015625,
      0.051021575927734375,
      0.051021575927734375,
      0.05316734313964844,
      0.030994415283203125,
      0.051975250244140625,
      0.052928924560546875,
      0.0362396240234375
    ],
    "accuracy_scores": [
      0.4,
      0.4,
      0.4,
      0.4,
      0.0,
      0.0,
      0.9666666666666667,
      0.9666666666666667,
      0.0,
      0.7333333333333334,
      0.0,
      0.0,
      0.4,
      0.0,
      1.0666666666666667,
      1.1333333333333333,
      0.6000000000000001,
      0.0,
      0.7333333333333334,
      0.4,
      0.7333333333333334,
      0.0,
      0.0,
      0.7333333333333334,
      0.6000000000000001,
      0.4,
      0.0,
      0.8,
      0.8,
      0.25
    ],
    "errors": [],
    "avg_response_time": 0.08962949117024739,
    "avg_accuracy": 0.4305555555555556,
    "success_rate": 0.6666666666666666
  },
  "orchestrator": {
    "algorithm": "orchestrator",
    "total_tests": 30,
    "successful_tests": 20,
    "failed_tests": 10,
    "response_times": [
      0.1251697540283203,
      0.10228157043457031,
      0.10013580322265625,
      0.09584426879882812,
      0.09799003601074219,
      0.08702278137207031,
      0.13017654418945312,
      0.125885009765625,
      0.09965896606445312,
      0.11610984802246094,
      0.07796287536621094,
      0.07605552673339844,
      0.09298324584960938,
      0.07390975952148438,
      0.09703636169433594,
      0.11014938354492188,
      0.11682510375976562,
      0.0782012939453125,
      0.09918212890625,
      0.08988380432128906,
      0.10991096496582031,
      0.07772445678710938,
      0.07605552673339844,
      0.09799003601074219,
      0.10395050048828125,
      0.09989738464355469,
      0.07200241088867188,
      0.10824203491210938,
      0.19407272338867188,
      0.08606910705566406
    ],
    "accuracy_scores": [
      0.4,
      0.4,
      0.4,
      0.4,
      0.0,
      0.0,
      0.8,
      0.8,
      0.0,
      0.4,
      0.0,
      0.0,
      0.4,
      0.0,
      0.8666666666666667,
      0.8,
      0.4,
      0.0,
      0.4,
      0.4,
      0.4,
      0.0,
      0.0,
      0.4,
      0.2,
      0.4,
      0.0,
      0.6000000000000001,
      0.6000000000000001,
      0.25
    ],
    "errors": [],
    "avg_response_time": 0.10061264038085938,
    "avg_accuracy": 0.3238888888888889,
    "success_rate": 0.6666666666666666
  }
}